{"KNN": [0.2951309689100582, 0.3509527578487238, 0.37172875352688545, 0.3472483560724227, 0.3299725288962478, 0.2949854425248346, 0.3541494387499559, 0.26085324773733964, 0.37876455081881955, 0.27788699235086783, 0.3425442423771016, 0.3288390334637994, 0.3017913839391738, 0.2621824783640542, 0.33625735200888246, 0.3532484295207764, 0.28852679792505603, 0.28488775674677397, 0.2555355701741559, 0.4615521649396834, 0.2996565934274548, 0.28606225391388657, 0.35323875499784124, 0.2601018469106339, 0.29671556493019935, 0.3617405847803074, 0.3246794906921195, 0.29938485017076305, 0.308999376976152, 0.3536569503542011, 0.33495321010981405, 0.29569988251887275, 0.3495992834502982, 0.470205050673711, 0.33771528442933085, 0.3769315960451211, 0.3612724128244683, 0.3769187847133326, 0.390882883872495, 0.4711014455578573, 0.3089331584942498, 0.3444846313410904, 0.3288189704043429, 0.33583466417476376, 0.22484469849204108, 0.37010479040365774, 0.29836406574608726, 0.3645727320156048, 0.3189260586614142, 0.3200278397018813], "RandomForest": [0.2946628251448893, 0.31092797077357986, 0.42441798804551467, 0.31848186964657066, 0.3259293506054126, 0.2952893134042126, 0.34691403759857053, 0.3060103693784163, 0.3461337599721881, 0.30657632998324824, 0.35207057771371675, 0.47296921593294117, 0.312434302514867, 0.3422916295102429, 0.3089261109181902, 0.3291534812328386, 0.27671243586215044, 0.3315993091241007, 0.3682185723370397, 0.3012727186824561, 0.2693737939314642, 0.2989252916543887, 0.33747030216163076, 0.25945663552613274, 0.3419935641312881, 0.3632657145832912, 0.3640845791514867, 0.3423417382298632, 0.22871223847782818, 0.3834562118251147, 0.41452731722721387, 0.31557696167275123, 0.32804428829859256, 0.3631989968648706, 0.3489424404166162, 0.3713487437590857, 0.3477221901911906, 0.355547182426581, 0.38594274753624647, 0.3552497370327439, 0.28476104450004613, 0.30135144315351314, 0.370791882305649, 0.39841772576041906, 0.2761707670986938, 0.3650060239813357, 0.3041932017353186, 0.33066533965911826, 0.3990623153383274, 0.33411026386060744], "neural-1": [0.0724097331766961, 0.06806423880506501, 0.11176966082344446, 0.07967666660744302, 0.08199832461269443, 0.08094455622204998, 0.08765441969762985, 0.07894533341322697, 0.08189403594474007, 0.09519476120842339, 0.09061682663090462, 0.1034909080832002, 0.07461865091490902, 0.08498917569363663, 0.10868510929774029, 0.06887413491919281, 0.08724703164594423, 0.07737819287527649, 0.08200508797191682, 0.09987674391979054, 0.07698536669095782, 0.077048071865765, 0.07298395151966555, 0.07445819724480736, 0.08701781230658928, 0.08526814880073236, 0.08769702045561303, 0.0867201893643317, 0.07208230580675382, 0.09999668289267127, 0.08297212279303982, 0.09763963401496994, 0.09710794582760512, 0.09725728580668136, 0.08343144956585874, 0.10334916685318744, 0.09781804706678124, 0.07130663132955052, 0.10779174100691206, 0.1000241354936808, 0.07702947492785467, 0.07205368256234335, 0.08773971569916292, 0.0862323747425227, 0.07899393922970493, 0.08603008359684339, 0.08173738567237233, 0.08335677644004397, 0.0897159031668852, 0.09976569551949045], "neural-3": [0.0750167766412773, 0.07296571890196826, 0.11377873537501487, 0.07466778273360483, 0.06840285616997714, 0.08450361251227854, 0.07255216911687677, 0.06060113594161702, 0.06814493035504764, 0.06309499828465867, 0.10210355834554911, 0.0754205782670041, 0.06966592755557978, 0.06863650321831365, 0.06690468357919606, 0.06256372594585055, 0.08440609354988242, 0.07750219360524681, 0.06909583705700363, 0.06512840667508837, 0.0717097763557785, 0.06608897101434279, 0.09322231758020841, 0.1039895692205646, 0.0731416721669742, 0.06715761781042588, 0.061177480319614966, 0.061515899523140814, 0.06666523042628454, 0.05956446294291021, 0.06590713573964753, 0.08416048860097261, 0.05969720659785723, 0.0701639491558468, 0.09387515890082015, 0.07424192112429329, 0.08186896510140726, 0.07529654174974558, 0.0759691202539509, 0.06899410610658063, 0.06837388648499948, 0.07361863386285612, 0.07423387666685775, 0.08560342099948284, 0.0745113949519859, 0.07163216879902289, 0.0744573981623512, 0.08205959950264181, 0.06396138851242392, 0.07902450014260604], "neural-6": [0.05752347766508191, 0.11005281921841882, 0.08782286339940994, 0.056528264993703024, 0.06429017135152605, 0.07320816615269843, 0.07942397756011396, 0.07577926958738364, 0.0910379162572709, 0.06299560440737105, 0.08167517440396209, 0.06945574801127608, 0.05933225263005304, 0.07985584195173377, 0.07286203768294042, 0.06495969700325646, 0.07840190352240545, 0.06923940834896525, 0.05533509276756554, 0.10286827002945678, 0.06856463607625954, 0.04860306348116595, 0.06244998921718486, 0.08325954460477657, 0.06519906850470616, 0.08073777121272417, 0.05509365708521349, 0.06916976905690674, 0.07393874372935465, 0.07074710994139377, 0.07827013684265488, 0.08526037249389812, 0.06641921838354127, 0.05468314160125304, 0.09750220888193553, 0.06966141858111669, 0.0841413905845505, 0.08044733645954598, 0.09314396091615637, 0.05888745425567968, 0.06435229008970732, 0.06302641652810774, 0.13348669247555062, 0.06902166836425322, 0.06982330328951684, 0.058370119529438734, 0.08372884277469053, 0.06642097696121711, 0.08224979172260523, 0.07794536433673012], "mse_avg": 1.4894428566299}