{"KNN": [0.21891119692500977, 0.23543400158928196, 0.24328871804508986, 0.24585783550858736, 0.25839988953041293, 0.24927969588003268, 0.2920783730054092, 0.22631354990170358, 0.23763260268780878, 0.2578669210882032, 0.2317283834771497, 0.31232380548304084, 0.29530298124968507, 0.19995420145891812, 0.2508074045142138, 0.2568834893130424, 0.21211338268060567, 0.24656060589118037, 0.23340106379296124, 0.22775882075699463, 0.21870022429701552, 0.2143877856387641, 0.2202028212680165, 0.28863181731316206, 0.2688751477476186, 0.2111870433376977, 0.21197378060661692, 0.24730695426276916, 0.24197302902620527, 0.2930488231702834, 0.23017328107377613, 0.23094994104679947, 0.26942714103166154, 0.3062297147299582, 0.2765486827268086, 0.2674604713165622, 0.23293152810137396, 0.24230341656849452, 0.3131244323682127, 0.278217335095812, 0.2533458584434739, 0.2483192914709849, 0.22430351931054593, 0.2322655545234939, 0.20191251670659258, 0.30347147025944254, 0.2736396958007452, 0.2350188497539308, 0.2626498229765367, 0.3042361551298303], "RandomForest": [0.22882396910161215, 0.26703371545892574, 0.27490805216512343, 0.23780742644591987, 0.2958351328577371, 0.21436153335433683, 0.23986974426328106, 0.2227365988747063, 0.241755121809233, 0.23841830870933778, 0.22640203198073663, 0.2930223794065322, 0.2411930198527935, 0.21795583089343537, 0.25989251703872307, 0.28697667786254866, 0.2227127735903404, 0.25397461539888877, 0.2601683371763919, 0.21358256983073753, 0.21228794304273044, 0.22046102897776243, 0.25457854435033395, 0.2897805992020304, 0.2464712902383171, 0.23629234830966828, 0.22994544732068714, 0.24365063099408346, 0.2264841668086289, 0.2818030805531921, 0.2693057160070112, 0.2200897143531827, 0.2639436712599598, 0.27442495434896447, 0.23682493908584432, 0.25099846933544767, 0.2568694457850396, 0.2240699975194016, 0.3231382431249437, 0.33275575227420967, 0.2842964691011068, 0.24148695534768289, 0.21464168918580967, 0.27357093953446554, 0.22540535003231033, 0.30221085187138663, 0.27123106509992945, 0.246634983448049, 0.30677575317564737, 0.2989670214254125], "neural-1": [0.057200245404972004, 0.0632462509221657, 0.0798151972934967, 0.06671069756223158, 0.062477467108945875, 0.07341062473696948, 0.06702424080732174, 0.06634724036506508, 0.05628594153380183, 0.05304346762941268, 0.040995219192720325, 0.03639987377953542, 0.0638141385863852, 0.057504763476352784, 0.061796176503265146, 0.0776648031204185, 0.06384243232669107, 0.05109268344244873, 0.04826576360989713, 0.05883925377453887, 0.08447561840386572, 0.055342971758539056, 0.056333137266354597, 0.06792790049613057, 0.07099808245990145, 0.07600696916079097, 0.05905312570307961, 0.05897625446809939, 0.053113420634401096, 0.06566766901454839, 0.05691359334679282, 0.0808579308632195, 0.056527925801793936, 0.05684006759732423, 0.07048777032166458, 0.05985409043822478, 0.07107882234512224, 0.05824180643075566, 0.0678586330528951, 0.06425043397413782, 0.04144643976582743, 0.06248013475472933, 0.06653977820938176, 0.07450706345205046, 0.06001427065020328, 0.038762794981858334, 0.07022803916097982, 0.061625781386973284, 0.06072499902436536, 0.06524239715620873], "neural-3": [0.05272624951238602, 0.03993752690215833, 0.06108459742215032, 0.04302189907274759, 0.06016570436319577, 0.054727323776393874, 0.04593917445483066, 0.06493864280970989, 0.03575749225186956, 0.044814280949575624, 0.05390235146325595, 0.027581177575454165, 0.04250212764322143, 0.025782059187393774, 0.042749917291533476, 0.04189989789177789, 0.04087336608098159, 0.05246187345730226, 0.031233184159328797, 0.040833911690597254, 0.06128162904058508, 0.046498143482728266, 0.05045302969627394, 0.04974402490078073, 0.047813026419307604, 0.048464224523935874, 0.060924168540984015, 0.04869903596486299, 0.030625912550314667, 0.06748328042530166, 0.06382867772417067, 0.0315710445275293, 0.04880505773002193, 0.046649583403002216, 0.058448467015779056, 0.05154578585241521, 0.04632551267465045, 0.04437914020796745, 0.0682618265934312, 0.05101141406467073, 0.04987128893503266, 0.03900220561073073, 0.051114336468971226, 0.06672970200238017, 0.03907275700103548, 0.04721082941326774, 0.0460656844217194, 0.06757704466582358, 0.05817483303291562, 0.0636813448518505], "neural-6": [0.042410216018793294, 0.037251614215992414, 0.03604345601009352, 0.030800474590086717, 0.056910726480531554, 0.04484032643791985, 0.05344248959237307, 0.06491854069605019, 0.06088164213925365, 0.047132787101961365, 0.04655111097886634, 0.02688158415729925, 0.046953759429967434, 0.03644568679805651, 0.0462850421244882, 0.03485590123621308, 0.04965281868881742, 0.032698709956150124, 0.05746771501669526, 0.05971498538813029, 0.04909041209229853, 0.04493371251955929, 0.04022220520630569, 0.03577745047624351, 0.05018149768535862, 0.04470635195543291, 0.07283364192942268, 0.04891329883715443, 0.04401175437273642, 0.0313060393814475, 0.02943346445902321, 0.050095430047233214, 0.048811148005469526, 0.03614152621227364, 0.024659663889601283, 0.03240111622992662, 0.024265673589007577, 0.02471981825308466, 0.04666761348482803, 0.040832721923156325, 0.046106939980201114, 0.03911280671986016, 0.039782719105362234, 0.04133297657948836, 0.046244459955406526, 0.04357600710543907, 0.04342696153393521, 0.031390748688503334, 0.049184307530004266, 0.038809662034983594], "mse_avg": 1.4894428566299}