{"KNN": [0.24477042823523412, 0.24516275011563318, 0.2653212743249712, 0.25393267051864676, 0.264667335785368, 0.28892310392359427, 0.3245495091604684, 0.22679208373069143, 0.2552584979875992, 0.2964314046167483, 0.23528010997218018, 0.3200954027996061, 0.33896889229543714, 0.21356275739564398, 0.26185610682023003, 0.2761193237062775, 0.21610736996242796, 0.2662042055449988, 0.24502627502816726, 0.24954557824902687, 0.23926297180689315, 0.23812572540145557, 0.2266339598124557, 0.3204039135645238, 0.2752345324777041, 0.2239438590027197, 0.2305517039235633, 0.25557199195115377, 0.2652558483736778, 0.3190491274358932, 0.24688389487351264, 0.3178920811850012, 0.30132094809339843, 0.3126149827104704, 0.2632236358443302, 0.2649371504024419, 0.2401807877810278, 0.2666555238301743, 0.33068275713458706, 0.3274094850546591, 0.2654941427613055, 0.2502692609326437, 0.21941135440808943, 0.24933084313926168, 0.1908354573661836, 0.3301869845945352, 0.30339007517554567, 0.24273039911648778, 0.2711891831669411, 0.3485856698191029], "RandomForest": [0.23425529877567514, 0.2814728582810742, 0.28106701679717816, 0.2489300942558406, 0.2743420965338182, 0.22269653140964635, 0.24935703877081958, 0.21555462272152007, 0.2420684787422288, 0.24415361772523964, 0.21698918197205677, 0.3129725800077733, 0.24723395264612824, 0.21225094122833849, 0.23125345310478942, 0.28121171009716817, 0.22852449752392937, 0.265930957150042, 0.2698629021228632, 0.20025644470051743, 0.2089454482792491, 0.21628880872471695, 0.2615043878845359, 0.2897339667128245, 0.2437588965262805, 0.23845747821557617, 0.2229832530320927, 0.2294569653120422, 0.24109796339865447, 0.2765942910283391, 0.25609375751428426, 0.237056973931427, 0.25361239835375643, 0.2763579412147631, 0.2524629594745087, 0.2489258959890032, 0.2394791031515734, 0.23033680058975056, 0.31863490140988276, 0.33563600574720537, 0.2822657311456248, 0.2468348259000714, 0.20464234565409115, 0.27560247998876025, 0.22739913124071248, 0.3124671079464203, 0.27049563400487897, 0.23772544688927108, 0.35479882602972984, 0.29641181503364317], "neural-1": [0.0742988341776449, 0.06292484862262082, 0.13973364195129095, 0.06566009767602658, 0.06436271167497937, 0.06555292759116427, 0.07771831327517002, 0.06991465004905305, 0.06452291520163932, 0.0780956553491627, 0.06544819166191589, 0.08680082725388324, 0.0682600003903882, 0.0622136607316017, 0.07056956934543478, 0.07086487296339856, 0.06433486625156057, 0.08391542313900852, 0.0660413974719897, 0.09673442724908891, 0.06758440503511269, 0.08938872324068506, 0.08200332784306329, 0.0793593958680452, 0.07571719082955929, 0.07485769220706168, 0.07121268946224499, 0.0862900235268624, 0.07633479840801649, 0.07802642745894059, 0.07812154869891322, 0.0875313094933357, 0.07853295062699428, 0.0642517389697801, 0.11637336064476747, 0.07732121769126256, 0.0699367389888884, 0.09910577551080473, 0.07781921185648966, 0.07030943862914876, 0.06430017108529541, 0.051667054325265895, 0.07936723513175419, 0.07805861918713183, 0.07749559914197231, 0.08221042237197024, 0.0960122698644026, 0.07484198805597009, 0.08315995901828539, 0.08368617738739371], "neural-3": [0.07392862843752884, 0.07034749205824654, 0.08679368912032201, 0.06354024756344459, 0.0750167423841275, 0.067282307159409, 0.0867877525246946, 0.07773356662838965, 0.06315836091481437, 0.06931523098001184, 0.06208605169637584, 0.10124159633847382, 0.07726315883187325, 0.06258027833816766, 0.06031611267361149, 0.08231626422641236, 0.08278235955981085, 0.08461650291378335, 0.07393512692233883, 0.07312108601656046, 0.08009728105120699, 0.06911112686490645, 0.06939718734210647, 0.0772579539291245, 0.07930311192694312, 0.07662931737002827, 0.0700876589070219, 0.0800242802748046, 0.08207600493618468, 0.06472335426752132, 0.058442509674905586, 0.07333050690155479, 0.05692975451035567, 0.07937896167678037, 0.0706470743216721, 0.06382071287260911, 0.07825539667187155, 0.052660611123493135, 0.06521961404984397, 0.0691771041677977, 0.0722712421410654, 0.09308737972327301, 0.0814488189304571, 0.072578085290204, 0.06922360489950986, 0.07554114599654263, 0.07306067092668578, 0.06797188860687373, 0.069943864400199, 0.09840659985158796], "neural-6": [0.062099389789398066, 0.0659996622401647, 0.06810301431403705, 0.08978654012518175, 0.07815402896356294, 0.07426232167891554, 0.0942133914488802, 0.06130124599587716, 0.09721992498973744, 0.06754942353194866, 0.08363405564466948, 0.0714295622854987, 0.05960186837397769, 0.08737032419312794, 0.07261892851213426, 0.07812834970743601, 0.0793283109133545, 0.08223684822650376, 0.081650614232545, 0.0810412496651799, 0.06857845615277436, 0.06082636323780232, 0.07275030443343276, 0.07091290359806342, 0.09322660470892541, 0.07476402978446564, 0.06867085698735464, 0.08248949913599257, 0.08725325203848532, 0.0625753909535847, 0.060933779350917004, 0.07067447017730207, 0.09891817614480396, 0.07787500922483548, 0.08260722213283245, 0.08017506144284811, 0.07813774419473404, 0.07898532404708763, 0.06535208233279265, 0.09910648638138549, 0.06541854039942462, 0.07889286354278044, 0.09335575743121516, 0.07181116529313937, 0.08094070449610298, 0.07746464820700409, 0.08728949679715259, 0.0678874365348, 0.07738267420896643, 0.07584940316414367], "mse_avg": 1.4902478445497187}