{"KNN": [0.31519470626352963, 0.3979384547808068, 0.39397927563109986, 0.30495522257870983, 0.342871194290874, 0.33098354342869063, 0.4064825861774643, 0.2658029317253461, 0.4075725188487551, 0.28746452221686986, 0.3849355419233672, 0.348568584395455, 0.30540637843477864, 0.280513048148537, 0.3611412684960357, 0.3648436072215091, 0.2418864239771675, 0.42363035974306645, 0.5578398138643558, 0.35259508114471244, 0.3450807078831546, 0.31471307689010275, 0.35318136932384847, 0.2447081886327987, 0.316329618374393, 0.4307141115968363, 0.35720169044613503, 0.30809839424789387, 0.3588868394345321, 0.3686912489505265, 0.36974000419315656, 0.3207598429801095, 0.3591470302657758, 0.5731689546032002, 0.35192779972604815, 0.382496409897143, 0.3591424488324239, 0.44004384177916017, 0.4122456444632449, 0.545025853078788, 0.30189392001431986, 0.38620861085834557, 0.37965741293976746, 0.3448961311245937, 0.23473861041944566, 0.37767853552787023, 0.3094666279117944, 0.3433008081336274, 0.34646207197723505, 0.32532205602294334], "RandomForest": [0.2852507861303118, 0.30119043365364767, 0.4273161312493855, 0.30924060144036813, 0.3363998606111481, 0.31135277218746304, 0.3573641590343964, 0.31838864694661584, 0.35803640523602426, 0.3104285353395252, 0.3796975016078078, 0.4737441569053623, 0.28982094095840255, 0.35342833471894336, 0.30534334417509995, 0.32410218008326314, 0.28945114425817636, 0.3438507281604782, 0.3682949290362034, 0.3032639796049189, 0.27621543232736123, 0.27813741144057536, 0.31079488574588554, 0.2976384410717091, 0.3406654339056811, 0.38975595023507636, 0.3472115699880899, 0.3216433781682287, 0.24649828129125437, 0.36949888713506945, 0.40727985597718735, 0.3239167952329018, 0.3313016937021953, 0.34648657144183104, 0.3469625784699187, 0.3482533875403768, 0.3568181162980833, 0.37353047433062253, 0.3942842050824939, 0.33308201712154073, 0.2758036551931198, 0.3019049529364278, 0.3547969172451893, 0.3894659681833114, 0.26996166128653876, 0.34647224703286905, 0.29801339980683167, 0.3335774645939311, 0.39758828094590554, 0.3346487056818039], "neural-1": [0.11031709818853418, 0.10812301551309964, 0.1188032509344843, 0.09949544552616751, 0.0988086546161898, 0.10294979816558074, 0.08284037762620801, 0.08611013132092105, 0.0963152416195374, 0.0842190176430184, 0.1330414830959581, 0.1224566808274772, 0.08646892832180562, 0.11464100069905375, 0.12784912365807233, 0.09076516839622227, 0.09081579901898025, 0.18789061259968193, 0.09858493194402289, 0.10565370988325773, 0.09141518248667459, 0.0645383199974068, 0.0910612575665817, 0.11369652702471647, 0.22924530695600656, 0.1118654470510759, 0.11469671825083952, 0.10444020252844088, 0.08983185138128785, 0.08246996495258434, 0.08518906058401708, 0.15377571514070792, 0.11205679919992213, 0.11109688200659222, 0.12928467953060568, 0.12033911626762162, 0.1058692285749351, 0.10173840373435826, 0.12633709653155814, 0.0916382909552236, 0.07956762098832501, 0.10043240384254384, 0.08218262419300122, 0.09985665822242693, 0.09539672607496624, 0.08296729558391071, 0.09721502945395212, 0.11107130790949124, 0.11985539828561029, 0.11718873413060536], "neural-3": [0.0899029721084964, 0.14734043356937468, 0.09636309131987915, 0.10496020033206878, 0.08910736243789003, 0.10779926221688188, 0.10134395972310052, 0.07942429503407336, 0.09490849064771346, 0.11244475352820692, 0.109747541073678, 0.10527394767086659, 0.07721676489980597, 0.1054022285035837, 0.18045478637012732, 0.08512999625137811, 0.08262030940283947, 0.10268047823629622, 0.11298697863109326, 0.12352691049718105, 0.0851566849323471, 0.10895792890283046, 0.07381669578682488, 0.10410684992968135, 0.12453106338121997, 0.14803309652168706, 0.09242863284312047, 0.09349882527919148, 0.10662293291439154, 0.08379806778758837, 0.08252335949302791, 0.09627540071144056, 0.0887866289146801, 0.07662330492965011, 0.13396099414910448, 0.10081370009651956, 0.10487806851950363, 0.12379781135014556, 0.10206756737158465, 0.11530149952444782, 0.09607739979792396, 0.07962245654991004, 0.08385346193783656, 0.07967202304958781, 0.08647062734213176, 0.0766531450563527, 0.10508633474066154, 0.09757561316674357, 0.1081454743747719, 0.080798508355849], "neural-6": [0.08995421066163209, 0.10168643439588107, 0.10188011888716152, 0.12465889562267718, 0.1074056187953008, 0.09706066308813767, 0.09246214512878617, 0.08261929196099652, 0.09550894806446204, 0.08962420603093559, 0.07168770479467833, 0.11400963344611556, 0.13750563388051296, 0.09124023138352964, 0.1244994527792098, 0.06524426701691229, 0.10084492091269615, 0.09277494540245607, 0.07926531523391597, 0.0954142003960241, 0.09099872398183291, 0.1028110038374579, 0.07525047656255422, 0.12088404504598374, 0.11225717989085758, 0.21760102342226534, 0.07134200097349953, 0.08324600778280677, 0.11721114177415533, 0.08865655115000541, 0.11577156028425119, 0.13724287125537446, 0.10325439196980707, 0.0940049775162552, 0.11419890175529332, 0.11321131414960066, 0.08570869334421781, 0.09064212830762365, 0.144498501314444, 0.12567157635453338, 0.09677121247276245, 0.11218810625707623, 0.08074443342945492, 0.07522259825441743, 0.09874459288560543, 0.06613126757501264, 0.09133815753255506, 0.11196419243513932, 0.1377500655670935, 0.08192405547699068], "mse_avg": 1.4902478445497187}