regression_function,units,mse,iqr
m1,1,6.797593722203736e-06,0.0
m2,1,1.5754910415433077e-05,0.0
m3,1,0.0,0.0
m4,1,0.0010326263129248735,0.0
m5,1,0.01672882345301982,0.0
m6,1,125.56213332607096,0.0
m7,1,76.66040419425556,0.0
m8,1,0.20663103498746152,0.0
